{
  "packages/addPackage" : {
    "transaction" : "packages/addPackage",
    "sampleCount" : 16426,
    "errorCount" : 6158,
    "errorPct" : 37.489346,
    "meanResTime" : 13491.346402045541,
    "medianResTime" : 12075.5,
    "minResTime" : 1.0,
    "maxResTime" : 55414.0,
    "pct1ResTime" : 27279.600000000002,
    "pct2ResTime" : 34625.99999999999,
    "pct3ResTime" : 50935.299999999996,
    "throughput" : 50.53220943825755,
    "receivedKBytesPerSec" : 60.7277310342706,
    "sentKBytesPerSec" : 12.299171691380053
  },
  "deliveries/deleteDelivery" : {
    "transaction" : "deliveries/deleteDelivery",
    "sampleCount" : 8738,
    "errorCount" : 3839,
    "errorPct" : 43.93454,
    "meanResTime" : 21967.698901350504,
    "medianResTime" : 17084.0,
    "minResTime" : 2.0,
    "maxResTime" : 79307.0,
    "pct1ResTime" : 48582.100000000006,
    "pct2ResTime" : 56755.099999999984,
    "pct3ResTime" : 73063.59000000001,
    "throughput" : 27.21575760596018,
    "receivedKBytesPerSec" : 39.04392467798476,
    "sentKBytesPerSec" : 3.379078285404156
  },
  "payments/addPayment" : {
    "transaction" : "payments/addPayment",
    "sampleCount" : 10268,
    "errorCount" : 1018,
    "errorPct" : 9.914297,
    "meanResTime" : 16161.37456174519,
    "medianResTime" : 18660.0,
    "minResTime" : 88.0,
    "maxResTime" : 44894.0,
    "pct1ResTime" : 24575.4,
    "pct2ResTime" : 27616.0,
    "pct3ResTime" : 41956.549999999996,
    "throughput" : 31.628881222276988,
    "receivedKBytesPerSec" : 19.487824494054955,
    "sentKBytesPerSec" : 9.098870816519838
  },
  "packages/deletePackage" : {
    "transaction" : "packages/deletePackage",
    "sampleCount" : 7333,
    "errorCount" : 3752,
    "errorPct" : 51.165962,
    "meanResTime" : 24950.956770762292,
    "medianResTime" : 27652.0,
    "minResTime" : 2.0,
    "maxResTime" : 79444.0,
    "pct1ResTime" : 49395.0,
    "pct2ResTime" : 57420.999999999985,
    "pct3ResTime" : 72592.95999999999,
    "throughput" : 23.525826114854024,
    "receivedKBytesPerSec" : 33.5639142454684,
    "sentKBytesPerSec" : 2.647985091835098
  },
  "Total" : {
    "transaction" : "Total",
    "sampleCount" : 77855,
    "errorCount" : 28937,
    "errorPct" : 37.167812,
    "meanResTime" : 18322.069834949372,
    "medianResTime" : 22104.5,
    "minResTime" : 1.0,
    "maxResTime" : 79444.0,
    "pct1ResTime" : 50069.8,
    "pct2ResTime" : 57254.50000000001,
    "pct3ResTime" : 73075.0,
    "throughput" : 239.24613881223533,
    "receivedKBytesPerSec" : 296.79923806650214,
    "sentKBytesPerSec" : 47.23588800596463
  },
  "deliveries/addDelivery" : {
    "transaction" : "deliveries/addDelivery",
    "sampleCount" : 9558,
    "errorCount" : 2538,
    "errorPct" : 26.553673,
    "meanResTime" : 26820.798911906215,
    "medianResTime" : 29516.5,
    "minResTime" : 5.0,
    "maxResTime" : 77616.0,
    "pct1ResTime" : 47809.4,
    "pct2ResTime" : 51718.45,
    "pct3ResTime" : 60111.26999999999,
    "throughput" : 29.4964495014489,
    "receivedKBytesPerSec" : 31.586858444315347,
    "sentKBytesPerSec" : 9.432741651082123
  },
  "payments/deletePayment" : {
    "transaction" : "payments/deletePayment",
    "sampleCount" : 8140,
    "errorCount" : 3667,
    "errorPct" : 45.04914,
    "meanResTime" : 25474.53599508609,
    "medianResTime" : 24994.5,
    "minResTime" : 2.0,
    "maxResTime" : 78572.0,
    "pct1ResTime" : 48806.9,
    "pct2ResTime" : 55449.0,
    "pct3ResTime" : 70864.18,
    "throughput" : 25.7638148170421,
    "receivedKBytesPerSec" : 33.717819587818525,
    "sentKBytesPerSec" : 3.3133214886515776
  },
  "users/login" : {
    "transaction" : "users/login",
    "sampleCount" : 17392,
    "errorCount" : 7965,
    "errorPct" : 45.796917,
    "meanResTime" : 11515.40127644897,
    "medianResTime" : 6665.0,
    "minResTime" : 1.0,
    "maxResTime" : 55688.0,
    "pct1ResTime" : 26862.7,
    "pct2ResTime" : 35089.14999999999,
    "pct3ResTime" : 50843.28,
    "throughput" : 53.44724266683056,
    "receivedKBytesPerSec" : 81.8402980516587,
    "sentKBytesPerSec" : 7.393538916888186
  }
}