{
  "packages/addPackage" : {
    "transaction" : "packages/addPackage",
    "sampleCount" : 1500,
    "errorCount" : 0,
    "errorPct" : 0.0,
    "meanResTime" : 14.956000000000008,
    "medianResTime" : 14.0,
    "minResTime" : 12.0,
    "maxResTime" : 165.0,
    "pct1ResTime" : 15.0,
    "pct2ResTime" : 17.0,
    "pct3ResTime" : 45.0,
    "throughput" : 5.002784883585196,
    "receivedKBytesPerSec" : 2.0407160767410524,
    "sentKBytesPerSec" : 1.9478909665964053
  },
  "deliveries/deleteDelivery" : {
    "transaction" : "deliveries/deleteDelivery",
    "sampleCount" : 1500,
    "errorCount" : 0,
    "errorPct" : 0.0,
    "meanResTime" : 15.125333333333327,
    "medianResTime" : 14.0,
    "minResTime" : 12.0,
    "maxResTime" : 209.0,
    "pct1ResTime" : 16.0,
    "pct2ResTime" : 17.0,
    "pct3ResTime" : 35.99000000000001,
    "throughput" : 5.002634720953035,
    "receivedKBytesPerSec" : 2.950772823687142,
    "sentKBytesPerSec" : 1.104097116147838
  },
  "payments/addPayment" : {
    "transaction" : "payments/addPayment",
    "sampleCount" : 1500,
    "errorCount" : 0,
    "errorPct" : 0.0,
    "meanResTime" : 15.525333333333332,
    "medianResTime" : 15.0,
    "minResTime" : 13.0,
    "maxResTime" : 240.0,
    "pct1ResTime" : 17.0,
    "pct2ResTime" : 18.0,
    "pct3ResTime" : 28.980000000000018,
    "throughput" : 5.002618036772578,
    "receivedKBytesPerSec" : 2.0371989466153955,
    "sentKBytesPerSec" : 1.5975157207271804
  },
  "packages/deletePackage" : {
    "transaction" : "packages/deletePackage",
    "sampleCount" : 1500,
    "errorCount" : 0,
    "errorPct" : 0.0,
    "meanResTime" : 13.806666666666661,
    "medianResTime" : 13.0,
    "minResTime" : 11.0,
    "maxResTime" : 110.0,
    "pct1ResTime" : 15.0,
    "pct2ResTime" : 16.0,
    "pct3ResTime" : 41.97000000000003,
    "throughput" : 5.002367787419378,
    "receivedKBytesPerSec" : 2.050316186119763,
    "sentKBytesPerSec" : 1.060072079951177
  },
  "Total" : {
    "transaction" : "Total",
    "sampleCount" : 10500,
    "errorCount" : 0,
    "errorPct" : 0.0,
    "meanResTime" : 16.53723809523813,
    "medianResTime" : 14.0,
    "minResTime" : 11.0,
    "maxResTime" : 3201.0,
    "pct1ResTime" : 21.0,
    "pct2ResTime" : 23.0,
    "pct3ResTime" : 49.98999999999978,
    "throughput" : 34.794595902190736,
    "receivedKBytesPerSec" : 17.38260927263554,
    "sentKBytesPerSec" : 10.159863434317744
  },
  "deliveries/addDelivery" : {
    "transaction" : "deliveries/addDelivery",
    "sampleCount" : 1500,
    "errorCount" : 0,
    "errorPct" : 0.0,
    "meanResTime" : 23.73266666666663,
    "medianResTime" : 21.0,
    "minResTime" : 19.0,
    "maxResTime" : 145.0,
    "pct1ResTime" : 25.0,
    "pct2ResTime" : 28.950000000000045,
    "pct3ResTime" : 102.99000000000001,
    "throughput" : 5.002551301163593,
    "receivedKBytesPerSec" : 2.8285910189196493,
    "sentKBytesPerSec" : 2.1495337622187316
  },
  "payments/deletePayment" : {
    "transaction" : "payments/deletePayment",
    "sampleCount" : 1500,
    "errorCount" : 0,
    "errorPct" : 0.0,
    "meanResTime" : 16.385333333333353,
    "medianResTime" : 13.0,
    "minResTime" : 11.0,
    "maxResTime" : 3201.0,
    "pct1ResTime" : 16.0,
    "pct2ResTime" : 18.0,
    "pct3ResTime" : 46.97000000000003,
    "throughput" : 5.0025346175395535,
    "receivedKBytesPerSec" : 2.144641305761586,
    "sentKBytesPerSec" : 1.0894191598743364
  },
  "users/login" : {
    "transaction" : "users/login",
    "sampleCount" : 1500,
    "errorCount" : 0,
    "errorPct" : 0.0,
    "meanResTime" : 16.22933333333333,
    "medianResTime" : 15.0,
    "minResTime" : 13.0,
    "maxResTime" : 99.0,
    "pct1ResTime" : 17.0,
    "pct2ResTime" : 19.0,
    "pct3ResTime" : 54.99000000000001,
    "throughput" : 5.00283493979922,
    "receivedKBytesPerSec" : 3.4421947176316583,
    "sentKBytesPerSec" : 1.2766869976319914
  }
}