{
  "packages/addPackage" : {
    "transaction" : "packages/addPackage",
    "sampleCount" : 41982,
    "errorCount" : 1321,
    "errorPct" : 3.1465867,
    "meanResTime" : 11332.734743461431,
    "medianResTime" : 9632.0,
    "minResTime" : 0.0,
    "maxResTime" : 22785.0,
    "pct1ResTime" : 19999.9,
    "pct2ResTime" : 21290.0,
    "pct3ResTime" : 22588.0,
    "throughput" : 32.63325713050893,
    "receivedKBytesPerSec" : 15.43363541228617,
    "sentKBytesPerSec" : 12.306426287856233
  },
  "deliveries/deleteDelivery" : {
    "transaction" : "deliveries/deleteDelivery",
    "sampleCount" : 25073,
    "errorCount" : 576,
    "errorPct" : 2.297292,
    "meanResTime" : 26013.883260878323,
    "medianResTime" : 25628.0,
    "minResTime" : 0.0,
    "maxResTime" : 43318.0,
    "pct1ResTime" : 39912.9,
    "pct2ResTime" : 40695.95,
    "pct3ResTime" : 41064.990000000005,
    "throughput" : 19.562513751418052,
    "receivedKBytesPerSec" : 12.31098977611326,
    "sentKBytesPerSec" : 4.235086270155093
  },
  "payments/addPayment" : {
    "transaction" : "payments/addPayment",
    "sampleCount" : 34528,
    "errorCount" : 423,
    "errorPct" : 1.2250926,
    "meanResTime" : 12251.924785681233,
    "medianResTime" : 11027.5,
    "minResTime" : 0.0,
    "maxResTime" : 22771.0,
    "pct1ResTime" : 19997.0,
    "pct2ResTime" : 21218.95,
    "pct3ResTime" : 22209.87000000002,
    "throughput" : 26.841463718002935,
    "receivedKBytesPerSec" : 11.559306870924573,
    "sentKBytesPerSec" : 8.466435847624863
  },
  "packages/deletePackage" : {
    "transaction" : "packages/deletePackage",
    "sampleCount" : 22920,
    "errorCount" : 911,
    "errorPct" : 3.9746945,
    "meanResTime" : 20797.33407504367,
    "medianResTime" : 16611.0,
    "minResTime" : 0.0,
    "maxResTime" : 43673.0,
    "pct1ResTime" : 35052.0,
    "pct2ResTime" : 37576.0,
    "pct3ResTime" : 40868.990000000005,
    "throughput" : 17.92696404673838,
    "receivedKBytesPerSec" : 8.592519635481153,
    "sentKBytesPerSec" : 3.696859649010458
  },
  "Total" : {
    "transaction" : "Total",
    "sampleCount" : 222799,
    "errorCount" : 5828,
    "errorPct" : 2.6158106,
    "meanResTime" : 17227.47427501908,
    "medianResTime" : 14351.5,
    "minResTime" : 0.0,
    "maxResTime" : 43960.0,
    "pct1ResTime" : 32053.9,
    "pct2ResTime" : 37867.95,
    "pct3ResTime" : 39791.98,
    "throughput" : 172.4668050226151,
    "receivedKBytesPerSec" : 95.71393053070938,
    "sentKBytesPerSec" : 50.910846065283394
  },
  "deliveries/addDelivery" : {
    "transaction" : "deliveries/addDelivery",
    "sampleCount" : 30016,
    "errorCount" : 817,
    "errorPct" : 2.7218816,
    "meanResTime" : 25973.08861940288,
    "medianResTime" : 31410.0,
    "minResTime" : 0.0,
    "maxResTime" : 42370.0,
    "pct1ResTime" : 40468.0,
    "pct2ResTime" : 40745.0,
    "pct3ResTime" : 41042.0,
    "throughput" : 23.267838275500942,
    "receivedKBytesPerSec" : 13.98513979496264,
    "sentKBytesPerSec" : 9.862066925654698
  },
  "payments/deletePayment" : {
    "transaction" : "payments/deletePayment",
    "sampleCount" : 23667,
    "errorCount" : 708,
    "errorPct" : 2.991507,
    "meanResTime" : 23377.214433599544,
    "medianResTime" : 22599.5,
    "minResTime" : 0.0,
    "maxResTime" : 43960.0,
    "pct1ResTime" : 37424.0,
    "pct2ResTime" : 40605.0,
    "pct3ResTime" : 41048.98,
    "throughput" : 18.509698293560202,
    "receivedKBytesPerSec" : 8.873380697126684,
    "sentKBytesPerSec" : 3.9552275543903734
  },
  "users/login" : {
    "transaction" : "users/login",
    "sampleCount" : 44613,
    "errorCount" : 1072,
    "errorPct" : 2.402887,
    "meanResTime" : 10706.766144397441,
    "medianResTime" : 9551.5,
    "minResTime" : 13.0,
    "maxResTime" : 22775.0,
    "pct1ResTime" : 19395.0,
    "pct2ResTime" : 20163.850000000002,
    "pct3ResTime" : 21726.950000000008,
    "throughput" : 34.66767582890659,
    "receivedKBytesPerSec" : 25.465404871467804,
    "sentKBytesPerSec" : 8.634480602152033
  }
}